,"Do you think this change in the working conditions for ordinary workers is largely because of the way the world has become more connected or mostly for other reasons?
A. Largely more connected
B. Other reasons
","Do you think the U.S. should keep military troops in Iraq until the situation has stabilized, or do you think the U.S. should remove its troops as soon as possible?
A. Keep troops in Iraq
B. Remove its troops
","Do you personally believe that drinking alcohol is morally acceptable, morally unacceptable, or is it not a moral issue? 
A. Morally acceptable
B. Not a moral issue
C. Depends on the situation (VOL)
D. Morally unacceptable
","Has each of the following gotten better or worse over the last five years in our country: the gap between rich and poor people.
A. Better
B. Has not changed
C. Worse
","According to news reports, the American government has been monitoring communications, such as emails and phone calls, in the U.S. and many other countries. In your opinion, is it acceptable or unacceptable for the American government to monitor communications from...American citizens?
A. Acceptable
B. Unacceptable
","Do you think this change in the availability of modern medicines and treatments is largely because of the way the world has become more connected or mostly for other reasons?
A. Largely more connected
B. Other reasons
","Here is the 'ladder of life.'  Let's suppose the top of the ladder represents the best possible life for you; and the bottom, the worst possible life for you.  On which step of the ladder do you feel you stand at the present time?
A. 0.0
B. 1.0
C. 2.0
D. 3.0
E. 4.0
F. 5.0
G. 6.0
H. 7.0
I. 8.0
J. 9.0
K. 10.0
","Do you personally believe that getting a divorce is morally acceptable, morally unacceptable, or is it not a moral issue? 
A. Morally acceptable
B. Not a moral issue
C. Depends on the situation (VOL)
D. Morally unacceptable
","As I read another list of statements, for each one, please tell me whether you completely agree, mostly agree, mostly disagree or completely disagree with it...The state controls too much of our daily lives.
A. Completely agree
B. Mostly agree
C. Mostly disagree
D. Completely disagree
","Now I am going to read you a list of things that may be problems in our country.  As I read each one, please tell me if you think it is a very big problem, a moderately big problem, a small problem or not a problem at all...People leaving our country for jobs in other countries
A. Very big problem
B. Moderately big problem
C. Small problem
D. Not a problem at all
","Please tell me if you approve or disapprove of the way President Barack Obama is dealing with...the world economic crisis.
A. Approve
B. Disapprove
","Do you approve or disapprove of the United States conducting missile strikes from pilotless aircraft called drones to target extremists in countries such as Pakistan, Yemen and Somalia? 
A. Approve
B. Disapprove
","Thinking about HIV prevention, that is preventing people from becoming infected with HIV - do you think our country is making progress in HIV prevention, losing ground, or is prevention about the same as it has been?
A. Making progress
B. About the same
C. Losing ground
","Here is a list of groups, organizations and institutions. For each, please tell me what kind of influence the group is having on the way things are going in our country.  Is the influence of large companies from other countries very good, somewhat good, somewhat bad or very bad in our country.
A. Very good
B. Somewhat good
C. Somewhat bad
D. Very bad
","Turning to China, all things considered, was the decision to hold the 2008 Summer Olympics in China a good or bad decision?
A. Good
B. Bad
","When children today in your country grow up, do you think they will be better off or worse off than people are now?
A. Better
B. Same (VOL)
C. Worse
","Please tell me whether you agree or disagree with the following statement: People should be willing to pay higher prices in order to address global climate change?
A. Agree
B. Disagree
","What's your opinion of U.S. policies in the Middle East - would you say they are fair or do they favor Israel too much or do they favor the Palestinians too much?
A. Favor Israel
B. Fair
C. Favor Palestinians
","As I read another list of statements, for each one, please tell me whether you completely agree, mostly agree, mostly disagree or completely disagree with it...It is the responsibility of the state to take care of very poor people who can't take care of themselves.
A. Completely agree
B. Mostly agree
C. Mostly disagree
D. Completely disagree
","For each one, please tell me whether you completely agree, mostly agree, mostly disagree or completely disagree with it. The (state/government) should take steps to protect your country economically, even if other friendly nations object to it.
A. Completely agree
B. Mostly agree
C. Mostly disagree
D. Completely disagree
","Do you personally believe that homosexuality is morally acceptable, morally unacceptable, or is it not a moral issue? 
A. Morally acceptable
B. Not a moral issue
C. Depends on the situation (VOL)
D. Morally unacceptable
","Do you use a computer at your workplace, at school, at home, or anywhere else on at least an occasional basis?
A. Yes
B. No
","Has each of the following gotten better or worse over the last five years in our country: the availability of modern medicines and treatments.
A. Better
B. Has not changed
C. Worse
","When foreigners buy your country companies, do you think this has a very good, somewhat good, somewhat bad, or a very bad impact on our country?
A. Very good
B. Somewhat good
C. Somewhat bad
D. Very bad
","Now I'm going to read you some statements about what President Barack Obama might do in the future. Do you think he will seek international approval before using military force or don't you think so?
A. Will
B. Will not
","Please tell me what kind of influence the group is having on the way things are going in your country. Is the influence of the military very good, somewhat good, somewhat bad or very bad in your country?
A. Very good
B. Somewhat good
C. Somewhat bad
D. Very bad
","Turning to another subject, would you say you are very excited, somewhat excited, not too excited or not at all excited about the 2010 World Cup soccer tournament?
A. Very excited
B. Somewhat excited
C. Not too excited
D. Not at all excited
","I am going to read you a list of things that might be important for getting ahead in life. On a scale of 0 to 10, in your opinion, how important is it...to know the right people to get ahead in life, where 0 means not important at all and 10 means very important?
A. Not important at all
B. 1.0
C. 2.0
D. 3.0
E. 4.0
F. 5.0
G. 6.0
H. 7.0
I. 8.0
J. 9.0
K. Very important
","I'm going to read a list of some changes that have taken place. Please tell me if you think each one has been a change for the better, a change for the worse, or hasn't it made much of a difference: fast food or convenience food?
A. Change for the better
B. Not much difference
C. Change for the worse
","I'd like your opinion about some possible international concerns for your country. Do you think that Iran's nuclear program is a major threat, a minor threat or not a threat to your country? 
A. Major threat
B. Minor threat
C. Not a threat
","Please tell me if you have a very favorable, somewhat favorable, somewhat unfavorable, or very unfavorable opinion of...the people of the (dominant country in region)
A. Very favorable
B. Somewhat favorable
C. Somewhat unfavorable
D. Very unfavorable
","And what about the different products that are now available from different parts of the world - do you think this is a very good thing, somewhat good, somewhat bad or a very bad thing for our country?
A. Very good
B. Somewhat good
C. Somewhat bad
D. Very bad
","Please tell me if you approve or disapprove of the way President Barack Obama is dealing with...climate change.
A. Approve
B. Disapprove
","Please tell me if you approve or disapprove of the way President Barack Obama is dealing with...global economic problems.
A. Approve
B. Disapprove
","Please tell me if you have a very favorable, somewhat favorable, somewhat unfavorable, or very unfavorable opinion of...Muslims
A. Very favorable
B. Somewhat favorable
C. Never heard of
D. Somewhat unfavorable
E. Very unfavorable
","Now I'm going to read a list of political leaders.  For each, tell me how much confidence you have in each leader to do the right thing regarding world affairs - a lot of confidence, some confidence, not too much confidence, or no confidence at all?...U.S. Presidential candidate Barack Obama
A. A lot of confidence
B. Some confidence
C. Not too much confidence
D. No confidence at all
","Which of these comes closer to your view?...Our traditional way of life is getting lost, OR our traditional way of life remains strong
A. Our traditional way of life is getting lost
B. Our traditional way of life remains strong
","I'd like your opinion about some possible international concerns for your country. Do you think that political instability in Pakistan is a major threat, a minor threat or not a threat to your country? 
A. Major threat
B. Minor threat
C. Not a threat
","I'd like your opinion about some possible international concerns for your country. Do you think that China's power and influence is a major threat, a minor threat or not a threat to your country? 
A. Major threat
B. Minor threat
C. Not a threat
","Now I am going to read you a list of things that may be problems in our country.  As I read each one, please tell me if you think it is a very big problem, a moderately big problem, a small problem or not a problem at all...public debt
A. Very big problem
B. Moderately big problem
C. Small problem
D. Not a problem at all
","As I read another list of statements, for each one, please tell me whether you completely agree, mostly agree, mostly disagree or completely disagree with it...Religion is a matter of personal faith and should be kept separate from government policy.
A. Completely agree
B. Mostly agree
C. Mostly disagree
D. Completely disagree
","Do you personally believe that gambling is morally acceptable, morally unacceptable, or is it not a moral issue? 
A. Morally acceptable
B. Not a moral issue
C. Depends on the situation (VOL)
D. Morally unacceptable
","Which comes closer to describing your view?...I like the pace of modern life, OR I do not like the pace of modern life
A. I like the pace of modern life
B. I do not like the pace of modern life
","Please tell me what kind of influence the group is having on the way things are going in your country. Is the influence of media-such as tv, radio, newspapers,magazines very good, somewhat good, somewhat bad or very bad in your country?
A. Very good
B. Somewhat good
C. Somewhat bad
D. Very bad
","Do you agree or disagree with the following statement? A university education is more important for a boy than for a girl.   Do you completely agree, mostly agree, mostly disagree or completely disagree?
A. Completely agree
B. Mostly agree
C. Mostly disagree
D. Completely disagree
","On another topic, in your view, is global climate change a very serious problem, somewhat serious, not too serious, or not a problem?
A. Very serious
B. Somewhat serious
C. Not too serious
D. Not a problem
","Please tell me if you agree or disagree with the following statement...Men get more opportunities than women for jobs that pay well, even when women are as qualified as men for the job
A. Completely agree
B. Mostly agree
C. Mostly disagree
D. Completely disagree
","I'd like to ask your opinion about some international issues.  Please tell me how concerned you are, if at all, about each of them - are you very concerned, somewhat concerned, not too concerned or not at all concerned?...global climate change 
A. Very concerned
B. Somewhat concerned
C. Not too concerned
D. Not at all concerned
","Please tell me if you approve or disapprove of the way President Barack Obama is dealing with...the conflict between Israelis and Palestinians.
A. Approve
B. Disapprove
","Has each of the following gotten better or worse over the last five years in our country: the availability of food in stores.
A. Better
B. Has not changed
C. Worse
","I'd like to ask your opinion about some international issues.  Please tell me how concerned you are, if at all, about each of them - are you very concerned, somewhat concerned, not too concerned or not at all concerned?...global economic instability
A. Very concerned
B. Somewhat concerned
C. Not too concerned
D. Not at all concerned
","I'm going to read a list of some changes that have taken place. Please tell me if you think each one has been a change for the better, a change for the worse, or hasn't it made much of a difference: the Internet.
A. Change for the better
B. Not much difference
C. Change for the worse
","And which comes closer to describing your view? The United States promotes democracy wherever it can, OR the United States promotes democracy mostly where it serves its interests?
A. The United States promotes democracy wherever it can
B. The United States promotes democracy mostly where it serves its interests
","Please tell me if you approve or disapprove of the way President Barack Obama is dealing with...the situation in Afghanistan.
A. Approve
B. Disapprove
","I am going to read you a list of things people do on cell phones, other than making calls. For each, please tell me if this is something you do regularly or not?...Send text messages
A. Yes
B. No
","Is there any area within a kilometer/mile of your home where you would be afraid to walk alone at night?
A. Yes
B. No
","For each item on this list, tell me if you think it is happening a lot more, somewhat more, only a little more or not more these days than five years ago: influence of international investors, banks and financial organizations on our country's economic policies.
A. A lot more
B. Somewhat more
C. Only a little more
D. Not more
","How do you think people in other countries of the world feel about your country?  Is your country generally liked or disliked?
A. Generally liked
B. Generally disliked
","What kind of marriage do you think is the more satisfying way of life...where the husband provides for the family and the wife takes care of the house and children, or where both have jobs and both take care of the house and children?
A. Husband provides for family
B. Both have jobs - care of house and children
","Do you personally believe that using contraceptives is morally acceptable, morally unacceptable, or is it not a moral issue? 
A. Morally acceptable
B. Not a moral issue
C. Depends on the situation (VOL)
D. Morally unacceptable
","Now thinking about Iraq, regardless of what you think about the original decision to use military force in Iraq, do you now believe that efforts to establish a stable democratic government in Iraq will definitely succeed, probably succeed, probably fail, or definitely fail?
A. Definitely succeed
B. Probably succeed
C. Probably fail
D. Definitely fail
","Which of the following two statements best describes you: 'I follow INTERNATIONAL news closely ONLY when something important is happening' OR 'I follow INTERNATIONAL news closely most of the time, whether or not something important is happening'?
A. Only when something important is happening
B. Most of the time, whether or not something important is happening
","For each item on this list, tell me if you think it is happening a lot more, somewhat more, only a little more or not more these days than five years ago: availability of movies, TV and music from different parts of the world.
A. A lot more
B. Somewhat more
C. Only a little more
D. Not more
","In your opinion, do United States policies increase the gap between rich and poor countries, lessen the gap between rich and poor countries, or do United States policies have no effect on the gap between rich and poor countries?
A. Increase gap between rich and poor
B. No effect
C. Lessen gap between rich and poor
","Overall, do you think of China as more of a partner of your country, more of an enemy of your country, or neither?
A. More of a partner
B. Neither
C. More of an enemy
","On a different subject, do you think women should have equal rights with men, or shouldn't they?
A. Should
B. Should not
","What's more important in your country society that everyone be free to pursue their life's goals without interference from the state or that the state play an active role in society so as to guarantee that nobody is in need?
A. Freedom to pursue life's goals without interference
B. State/government guarantees nobody in need
","Here is a list of groups, organizations and institutions. For each, please tell me what kind of influence the group is having on the way things are going in our country.  Is the influence of the Prime Minister/President very good, somewhat good, somewhat bad or very bad in our country?
A. Very good
B. Somewhat good
C. Somewhat bad
D. Very bad
","Do you personally believe that sex between unmarried adults is morally acceptable, morally unacceptable, or is it not a moral issue? 
A. Morally acceptable
B. Not a moral issue
C. Depends on the situation (VOL)
D. Morally unacceptable
","I'd like to ask your opinion about some international issues.  Please tell me how concerned you are, if at all, about each of them - are you very concerned, somewhat concerned, not too concerned or not at all concerned?...Iran's nuclear program
A. Very concerned
B. Somewhat concerned
C. Not too concerned
D. Not at all concerned
","Overall, how much influence do you think China is having on the way things are going in our country? Would you say it is having a great deal of influence, a fair amount, not too much, or no influence at all? (Ask if 'A great deal' or 'A fair amount':) Is this a good thing, a bad thing, or neither good nor bad?
A. Good
B. Neither
C. Bad
","Please tell me what kind of influence the group is having on the way things are going in your country. Is the influence of religious leaders very good, somewhat good, somewhat bad or very bad in your country?
A. Very good
B. Somewhat good
C. Somewhat bad
D. Very bad
","As I read some specific policies of President Barack Obama tell me if you approve or disapprove of them...Withdrawing U.S. combat forces from Iraq by December 2011.
A. Approve
B. Disapprove
","Which statement comes closest to your opinion?...A way can be found for Israel to exist so that the rights and needs of Palestinian people are taken care of OR, the rights and needs of the Palestinian people cannot be taken care of as long as Israel exists?
A. Can coexist
B. A way cannot be found
","Here is a list of things that may be problems in our country. As I read each one, please tell me if you think it is a very big problem, a moderately big problem, a small problem, or not a problem at all...moral decline.
A. Very big problem
B. Moderately big problem
C. Small problem
D. Not a problem at all
","As I read another list of statements, for each one, please tell me whether you completely agree, mostly agree, mostly disagree or completely disagree with it...We should restrict and control entry of people into our country more than we do now.
A. Completely agree
B. Mostly agree
C. Mostly disagree
D. Completely disagree
","Here is a list of statements. For each one, please tell me whether you completely agree, mostly agree, mostly disagree or completely disagree with it. When something is run by the state/government, it is usually inefficient and wasteful?
A. Completely agree
B. Mostly agree
C. Mostly disagree
D. Completely disagree
","Which one of the following statements comes closest to your opinion about educating children?
A. It is more important for boys than for girls
B. It is equally important for boys and girls
C. It is more important for girls than for boys
","I'm going to read a list of some changes that have taken place. Please tell me if you think each one has been a change for the better, a change for the worse, or hasn't it made much of a difference: cellular phones.
A. Change for the better
B. Change for the worse
C. Not much difference
","Please tell me whether you completely agree, mostly agree, mostly disagree or completely disagree with the following statements...Protecting the environment should be given priority, even if it causes slower economic growth and some loss of jobs
A. Completely agree
B. Mostly agree
C. Mostly disagree
D. Completely disagree
","(Here is the 'ladder of life.'  Let's suppose the top of the ladder represents the best possible life for you; and the bottom, the worst possible life for you.) On which step would you say you stood five years ago?
A. 0.0
B. 1.0
C. 2.0
D. 3.0
E. 4.0
F. 5.0
G. 6.0
H. 7.0
I. 8.0
J. 9.0
K. 10.0
","Please tell me if you have a very favorable, somewhat favorable, somewhat unfavorable, or very unfavorable opinion of...Jews
A. Very favorable
B. Somewhat favorable
C. Somewhat unfavorable
D. Very unfavorable
","Turning to China, overall do you think that China's growing economy is a good thing or a bad thing for our country?
A. Good
B. Bad
","I'd like to ask your opinion about some international issues.  Please tell me how concerned you are, if at all, about each of them - are you very concerned, somewhat concerned, not too concerned or not at all concerned?...The Islamic militant group in Iraq and Syria known as ISIS
A. Very concerned
B. Somewhat concerned
C. Not too concerned
D. Not at all concerned
","Do you ever use online social networking sites like ?
A. Yes
B. No
","I am going to read you a list of things that might be important for getting ahead in life. On a scale of 0 to 10, in your opinion, how important is it...to work hard to get ahead in life, where 0 means not important at all and 10 means very important?
A. Not important at all
B. 1.0
C. 2.0
D. 3.0
E. 4.0
F. 5.0
G. 6.0
H. 7.0
I. 8.0
J. 9.0
K. Very important
","If Iran were to acquire nuclear weapons, would this represent a very serious threat to our country, a somewhat serious threat, a minor threat, or no threat at all?
A. Very serious threat
B. Somewhat serious threat
C. Minor threat
D. No threat at all
","And finally, which comes closer to your view?  Consumerism and commercialism are a threat to our culture, OR consumerism and commercialism are not a threat to our culture.
A. Consumerism/commercialism a threat to culture
B. Consumerism/commercialism not a threat to culture
","Do you think the government of Saudi Arabia respects the personal freedoms of its people, or don't you think so?
A. Yes, respects personal freedoms
B. No, does not respect personal freedoms
","According to news reports, the American government has been monitoring communications, such as emails and phone calls, in the U.S. and many other countries. In your opinion, is it acceptable or unacceptable for the American government to monitor communications from...Individuals suspected of terrorist activities?
A. Acceptable
B. Unacceptable
","Now I am going to read you a list of things that may be problems in our country.  As I read each one, please tell me if you think it is a very big problem, a moderately big problem, a small problem or not a problem at all...Illegal drugs
A. Very big problem
B. Moderately big problem
C. Small problem
D. Not a problem at all
","Now thinking about Iran, would you favor or oppose Iran acquiring nuclear weapons?
A. Favor
B. Oppose
","Now thinking about the situation in Iraq, do you believe that efforts to establish a stable government in Iraq will definitely succeed, probably succeed, probably fail, or definitely fail?
A. Definitely succeed
B. Probably succeed
C. Probably fail
D. Definitely fail
","In the period following the September 11th 2001 terrorist attacks in the U.S., the U.S. government used interrogation methods that many consider to be torture on people suspected of terrorism. In your opinion, were these interrogation methods justified or not justified?
A. Justified
B. Not justified
C. Depends (VOL)
","Now I'm going to read a list of political leaders.  For each, tell me how much confidence you have in each leader to do the right thing regarding world affairs - a lot of confidence, some confidence, not too much confidence, or no confidence at all?...Venezuelan President Hugo Chavez.
A. A lot of confidence
B. Some confidence
C. Not too much confidence
D. No confidence at all
","Do you personally believe that married people having an affair is morally acceptable, morally unacceptable, or is it not a moral issue? 
A. Morally acceptable
B. Not a moral issue
C. Depends on the situation (VOL)
D. Morally unacceptable
","I'd like your opinion about some possible international concerns for your country. Do you think that Islamic extremist groups is a major threat, a minor threat or not a threat to your country? 
A. Major threat
B. Minor threat
C. Not a threat
","All in all, how do you feel about the world becoming more connected through greater economic trade and faster communication - do you think this is a very good thing, somewhat good, somewhat bad or a very bad thing for our country?
A. Very good
B. Somewhat good
C. Somewhat bad
D. Very bad
","Some say that most people who don't succeed in life fail because of society's failures. Others say that most people who don't succeed do so because of their own individual failures.  Which comes closer to your point of view?
A. Society's failures
B. Individual failures
","There has been a lot of talk about globalization these days.  Do you think that globalization is a very good thing, somewhat good, somewhat bad or a very bad thing?
A. Very good thing
B. Somewhat good
C. Somewhat bad
D. Very bad thing
","Now I'm going to read a list of political leaders.  For each, tell me how much confidence you have in each leader to do the right thing regarding world affairs - a lot of confidence, some confidence, not too much confidence, or no confidence at all?...U.S. President George W. Bush
A. A lot of confidence
B. Some confidence
C. Not too much confidence
D. No confidence at all
","Now I'm going to read you some statements about what President Barack Obama might do in the future. Do you think he will get the United States to take significant measures to control global climate change or don't you think so?
A. Will
B. Will not
","For each item on this list, tell me if you think it is happening a lot more, somewhat more, only a little more or not more these days than five years ago: communication and travel between the people of your country and people in other countries.
A. A lot more
B. Somewhat more
C. Only a little more
D. Not more
","Here is a list of groups, organizations and institutions. For each, please tell me what kind of influence the group is having on the way things are going in our country.  Is the influence of the trade unions very good, somewhat good, somewhat bad or very bad in our country?
A. Very good
B. Somewhat good
C. Somewhat bad
D. Very bad
","Do you think this change in the availability of food in stores is largely because of the way the world has become more connected or mostly for other reasons?
A. Largely more connected
B. Other reasons
","Now I am going to read you a list of things that may be problems in our country.  As I read each one, please tell me if you think it is a very big problem, a moderately big problem, a small problem or not a problem at all...Pollution
A. Very big problem
B. Moderately big problem
C. Small problem
D. Not a problem at all
","How closely have you been following news about the U.S. presidential race - very closely, somewhat closely, not too closely, or not at all?
A. Very closely
B. Somewhat closely
C. Not too closely
D. Not at all
","Do you think products made in China are as safe as products made in other countries, or do you think they are less safe than products made in other countries?
A. Chinese products as safe
B. Depends
C. Chinese products less safe
","Do you think our country is making progress in providing drug treatments to HIV infected people, losing ground, or is drug treatment for people with HIV about the same as it has been?
A. Making progress
B. About the same
C. Losing ground
","Now I'm going to read a list of political leaders.  For each, tell me how much confidence you have in each leader to do the right thing regarding world affairs - a lot of confidence, some confidence, not too much confidence, or no confidence at all?...Chinese President Hu Jintao
A. A lot of confidence
B. Some confidence
C. Not too much confidence
D. No confidence at all
","Do you approve or disapprove of tougher international economic sanctions on Iran to try to stop it from developing nuclear weapons?
A. Approve
B. Disapprove
","Has each of the following gotten better or worse over the last five years in our country: the availability of good-paying jobs.
A. Better
B. Has not changed
C. Worse
","I'd like your opinion about some possible international concerns for your country. Do you think that international financial instability is a major threat, a minor threat or not a threat to your country? 
A. Major threat
B. Minor threat
C. Not a threat
","And what about the faster communication and greater travel between the people of  your country and people in other countries - do you think this is a very good thing, somewhat good, somewhat bad or a very bad thing for our country?
A. Very good
B. Somewhat good
C. Somewhat bad
D. Very bad
","Now I am going to read you a list of things that may be problems in our country.  As I read each one, please tell me if you think it is a very big problem, a moderately big problem, a small problem or not a problem at all...Conflict between (ethnic/racial/nationality/religious/tribal) groups
A. Very big problem
B. Moderately big problem
C. Small problem
D. Not a problem at all
","I am going to read you a list of things that might be important for getting ahead in life. On a scale of 0 to 10, in your opinion, how important is it...to have a good education to get ahead in life, where 0 means not important at all and 10 means very important?
A. Not important at all
B. 1.0
C. 2.0
D. 3.0
E. 4.0
F. 5.0
G. 6.0
H. 7.0
I. 8.0
J. 9.0
K. Very important
","I'd like to ask your opinion about some international issues.  Please tell me how concerned you are, if at all, about each of them - are you very concerned, somewhat concerned, not too concerned or not at all concerned?...territorial disputes between China and neighboring countries 
A. Very concerned
B. Somewhat concerned
C. Not too concerned
D. Not at all concerned
","Please tell me if you approve or disapprove of the way President Barack Obama is dealing with…The Islamic militant group in Iraq and Syria known as ISIS
A. Approve
B. Disapprove
","Now I'm going to read a list of political leaders.  For each, tell me how much confidence you have in each leader to do the right thing regarding world affairs - a lot of confidence, some confidence, not too much confidence, or no confidence at all?...U.S. Presidential candidate John McCain
A. A lot of confidence
B. Some confidence
C. Not too much confidence
D. No confidence at all
","As I read another list of statements, for each one, please tell me whether you completely agree, mostly agree, mostly disagree or completely disagree with it...Our people are not perfect, but our culture is superior to others.
A. Completely agree
B. Mostly agree
C. Mostly disagree
D. Completely disagree
","For each statement, please tell me whether you completely agree with it, mostly agree with it, mostly disagree with it or completely disagree with it...There are parts of neighboring countries that really belong to us.
A. Completely agree
B. Mostly agree
C. Mostly disagree
D. Completely disagree
","Now I'm going to read a list of political leaders.  For each, tell me how much confidence you have in each leader to do the right thing regarding world affairs - a lot of confidence, some confidence, not too much confidence, or no confidence at all?...French President Nicolas Sarkozy
A. A lot of confidence
B. Some confidence
C. Not too much confidence
D. No confidence at all
","And turning to the situation in the world overall, would you say that you are satisfied or dissatisfied with the way things are going in the world right now?
A. Satisfied
B. Dissatisfied
","Has each of the following gotten better or worse over the last five years in our country: the affordability of health care.
A. Better
B. Has not changed
C. Worse
","I am going to read you a list of things that might be important for getting ahead in life. On a scale of 0 to 10, in your opinion, how important is it...to belong to a wealthy family to get ahead in life, where 0 means not important at all and 10 means very important?
A. Not important at all
B. 1.0
C. 2.0
D. 3.0
E. 4.0
F. 5.0
G. 6.0
H. 7.0
I. 8.0
J. 9.0
K. Very important
","In terms of solving world problems, does the United States do too much, too little, or the right amount in helping solve world problems?
A. United States does too much
B. United States does right amount
C. United States does too little
D. United States does nothing (VOL)
","And in your household, do you have any of the following? Count only those that are in working order….motorcycle or scooter 
A. Yes
B. No
","I am going to read you a list of things that might be important for getting ahead in life. On a scale of 0 to 10, in your opinion, how important is it...to give bribes to get ahead in life, where 0 means not important at all and 10 means very important?
A. Not important at all
B. 1.0
C. 2.0
D. 3.0
E. 4.0
F. 5.0
G. 6.0
H. 7.0
I. 8.0
J. 9.0
K. Very important
","Do you personally believe that having an abortion is morally acceptable, morally unacceptable, or is it not a moral issue? 
A. Morally acceptable
B. Not a moral issue
C. Depends on the situation (VOL)
D. Morally unacceptable
","Which comes closer to describing your view?...China will eventually replace the U.S. as the world's leading superpower; China has already replaced the U.S. as the world's leading superpower; or China will never replace the U.S. as the world's leading superpower?
A. Has already replaced US
B. Will eventually replace US
C. Will never replace US
","As I read another list of statements, for each one, please tell me whether you completely agree, mostly agree, mostly disagree or completely disagree with it...Our way of life needs to be protected against foreign influence.
A. Completely agree
B. Mostly agree
C. Mostly disagree
D. Completely disagree
","Which one of the following statements comes closest to your opinion about men and women as political leaders?...Men generally make better political leaders than women, or Women generally make better political leaders than men, or In general, women and men make equally good political leaders?
A. Men generally make better political leaders than women
B. In general, women and men make equally good political leaders
C. Women generally make better political leaders than men
","Now I am going to read you a list of things that may be problems in our country.  As I read each one, please tell me if you think it is a very big problem, a moderately big problem, a small problem or not a problem at all...The spread of HIV/AIDS and other infectious diseases
A. Very big problem
B. Moderately big problem
C. Small problem
D. Not a problem at all
","Thinking about the issue of HIV/AIDS in our country, do you think HIV/AIDS is a bigger or a smaller problem now than it was 5 years ago, or is the problem of HIV/AIDS about the same as it was 5 years ago?
A. Bigger problem
B. About the same
C. Smaller problem
","Does trade with other countries lead to an increase in the wages of your nationality workers, a decrease in wages, or does it not make a difference? 
A. Increase
B. Does not make a difference
C. Decrease
","Do you think this change in the availability of good-paying jobs is largely because of the way the world has become more connected or mostly for other reasons?
A. Largely more connected
B. Other reasons
","Please tell me whether you completely agree, mostly agree, mostly disagree, or completely disagree with the following statements...Women should be able to work outside the home
A. Completely agree
B. Mostly agree
C. Mostly disagree
D. Completely disagree
","Now I'm going to read a list of political leaders.  For each, tell me how much confidence you have in each leader to do the right thing regarding world affairs - a lot of confidence, some confidence, not too much confidence, or no confidence at all?...Russian President Dmitry Medvedev.
A. A lot of confidence
B. Some confidence
C. Not too much confidence
D. No confidence at all
","Do you think the wealthier nations of the world are doing enough or not doing enough to help the poorer nations of the world with problems such as economic development, reducing poverty, and improving health?
A. Doing enough
B. Not doing enough
","Please tell me whether you completely agree, mostly agree, mostly disagree or completely disagree with the following statements...Children need to learn English to succeed in the world today
A. Completely agree
B. Mostly agree
C. Mostly disagree
D. Completely disagree
","Now I'm going to read you some statements about what President Barack Obama might do in the future. Do you think he will be fair in dealing with the Israelis and the Palestinians or don't you think so?
A. Will
B. Will not
","Has each of the following gotten better or worse over the last five years in our country: the ability of people to provide for themselves in their old age.
A. Better
B. Worse
C. Has not changed
","Do you think this change in the gap between rich and poor people is largely because of the way the world has become more connected or mostly for other reasons?
A. Largely more connected
B. Other reasons
","Please tell me if you approve or disapprove of the way President Barack Obama is dealing with...the situation in Iraq.
A. Approve
B. Disapprove
","I'm going to read a list of some changes that have taken place. Please tell me if you think each one has been a change for the better, a change for the worse, or hasn't it made much of a difference: television.
A. Change for the better
B. Not much difference
C. Change for the worse
","I'd like your opinion about some possible international concerns for your country. Do you think that North Korea's nuclear program is a major threat, a minor threat or not a threat to your country? 
A. Major threat
B. Minor threat
C. Not a threat
","How good a job is the your country government doing in dealing with the economy? Would you say the government is doing a very good job, a somewhat good job, a somewhat bad job or a very bad job?
A. Very good
B. Somewhat good
C. Somewhat bad
D. Very bad
","Do you watch an international news channel ?
A. Yes
B. No
","I'd like to ask your opinion about some international issues.  Please tell me how concerned you are, if at all, about each of them - are you very concerned, somewhat concerned, not too concerned or not at all concerned?...cyberattacks on governments, banks or corporations 
A. Very concerned
B. Somewhat concerned
C. Not too concerned
D. Not at all concerned
","Please tell me if you have a very favorable, somewhat favorable, somewhat unfavorable, or very unfavorable opinion of...Christians
A. Very favorable
B. Somewhat favorable
C. Somewhat unfavorable
D. Very unfavorable
","What about the way movies, TV and music from different parts of the world are now available in your country - do you think this is a very good thing, somewhat good, somewhat bad or a very bad thing for our country?
A. Very good
B. Somewhat good
C. Somewhat bad
D. Very bad
","Which one of these comes closest to your opinion, number 1 or number 2?...#1 - It is not necessary to believe in God in order to be moral and have good values or #2 - It is necessary to believe in God in order to be moral and have good values
A. Not necessary to believe in God to be moral/have good values
B. Necessary to believe in God to be moral/have good values
","Please tell me whether you completely agree, mostly agree, mostly disagree or completely disagree with the following statements...Most people in this society are trustworthy
A. Completely agree
B. Mostly agree
C. Mostly disagree
D. Completely disagree
","How much influence do you think China is having on the way things are going in our country? Would you say it is having a great deal of influence, a fair amount, not too much, or no influence at all?
A. Great deal
B. Fair amount
C. Not too much
D. No influence at all
","Here is a list of groups, organizations and institutions. For each, please tell me what kind of influence the group is having on the way things are going in our country.  Is the influence of our national government very good, somewhat good, somewhat bad or very bad in our country?
A. Very good
B. Somewhat good
C. Somewhat bad
D. Very bad
","Now thinking about the dispute between Israel and the Palestinians, which side do you sympathize with more, Israel or the Palestinians?
A. Israel
B. Palestinians
","Do you support or oppose the U.S. military actions against the Islamic militant group in Iraq and Syria known as ISIS?
A. Support
B. Oppose
","Has each of the following gotten better or worse over the last five years in our country: the working conditions for ordinary workers.
A. Better
B. Worse
C. Has not changed
","I am going to read you a list of things that might be important for getting ahead in life. On a scale of 0 to 10, in your opinion, how important is it...to be lucky to get ahead in life, where 0 means not important at all and 10 means very important?
A. Not important at all
B. 1.0
C. 2.0
D. 3.0
E. 4.0
F. 5.0
G. 6.0
H. 7.0
I. 8.0
J. 9.0
K. Very important
","Please tell me if you approve or disapprove of the way President Barack Obama is dealing with...Iran.
A. Approve
B. Disapprove
","Which comes closer to describing your view?...I favor the US-led efforts to fight terrorism, OR I oppose the US-led efforts to fight terrorism
A. I favor the US-led efforts to fight terrorism
B. I oppose the US-led efforts to fight terrorism
","Has each of the following gotten better or worse over the last five years in our country: the spread of diseases.
A. Better
B. Has not changed
C. Worse
","I am going to read you a list of things that might be important for getting ahead in life. On a scale of 0 to 10, in your opinion, how important is it...to be a male to get ahead in life, where 0 means not important at all and 10 means very important?
A. Not important at all
B. 1.0
C. 2.0
D. 3.0
E. 4.0
F. 5.0
G. 6.0
H. 7.0
I. 8.0
J. 9.0
K. Very important
","If the your country government used torture against people suspected of terrorism to try to gain information about possible attacks in our country, do you think this could be justified or could not be justified?
A. Could be justified
B. Depends (VOL)
C. Could not be justified
","Please tell me if you approve or disapprove of the way President Barack Obama is dealing with…China
A. Approve
B. Disapprove
","Thinking about the United Nations, what kind of influence is the UN having on the way things are going in your country.   Is the influence of the UN very good, somewhat good, somewhat bad or very bad in your country?
A. Very good
B. Somewhat good
C. Somewhat bad
D. Very bad
","Here is a list of groups, organizations and institutions. For each, please tell me what kind of influence the group is having on the way things are going in our country.  Is the influence of immigrants very good, somewhat good, somewhat bad or very bad in our country?
A. Very good
B. Somewhat good
C. Somewhat bad
D. Very bad
","Do you think the U.S. and NATO should keep military troops in Afghanistan until the situation has stabilized, or do you think the U.S. and NATO should remove their troops as soon as possible?
A. Keep troops in Afghanistan
B. Remove their troops
","Please tell me if you have a very favorable, somewhat favorable, somewhat unfavorable, or very unfavorable opinion of...Brazil
A. Very favorable
B. Somewhat favorable
C. Somewhat unfavorable
D. Very unfavorable
","Please tell me if you have a very favorable, somewhat favorable, somewhat unfavorable, or very unfavorable opinion of...the Chinese
A. Very favorable
B. Somewhat favorable
C. Somewhat unfavorable
D. Very unfavorable
","As I read some specific policies of President Barack Obama tell me if you approve or disapprove of them...Closing the U.S. military prison in Guantanamo Bay.
A. Approve
B. Disapprove
","As I read some specific policies of President Barack Obama tell me if you approve or disapprove of them...Sending additional troops to Afghanistan.
A. Approve
B. Disapprove
","What is your opinion--next year when there is a new US president, do you think that US foreign policy will change for the better, change for the worse or not change that much?
A. Change for the better
B. Not change that much
C. Change for the worse
","Now I am going to read you a list of things that may be problems in our country.  As I read each one, please tell me if you think it is a very big problem, a moderately big problem, a small problem or not a problem at all...Immigration
A. Very big problem
B. Moderately big problem
C. Small problem
D. Not a problem at all
","In making international policy decisions, to what extent do you think China takes into account the interests of countries like your country - a great deal, a fair amount, not too much, or not at all?
A. Great deal
B. Fair amount
C. Not too much
D. Not at all
","Overall, do you approve or disapprove of the international policies of President Barack Obama?
A. Approve
B. Disapprove
","Here is a list of groups, organizations and institutions. For each, please tell me what kind of influence the group is having on the way things are going in our country.  Is the influence of NGO's, non-governmental organizations  very good, somewhat good, somewhat bad or very bad in our country.
A. Very good
B. Somewhat good
C. Somewhat bad
D. Very bad
","For each item on this list, tell me if you think it is happening a lot more, somewhat more, only a little more or not more these days than five years ago: trade and business ties between your country and other countries.
A. A lot more
B. Somewhat more
C. Only a little more
D. Not more
","Do you think the government of Iran respects the personal freedoms of its people, or don't you think so?
A. Yes, respects personal freedoms
B. No, does not respect personal freedoms
","Have you heard of the disease called swine flu found in many countries around the world, or haven't you heard of this?
A. Have heard
B. Have not heard
"
Brazil,0.6989247311827957,0.8,0.5622895622895623,0.8826530612244898,0.865979381443299,0.5543478260869565,0.7306930693069308,0.3,0.3535353535353535,0.5666666666666667,0.3086419753086419,0.925531914893617,0.3724489795918367,0.368421052631579,0.1758241758241758,0.6060606060606061,0.4787234042553192,0.3983050847457627,0.1733333333333333,0.1598639455782312,0.4545454545454545,0.55,0.3711340206185567,0.5590277777777778,0.1704545454545454,0.5252525252525252,0.36,0.8888888888888888,0.3376623376623376,0.2795698924731182,0.4088888888888889,0.3784722222222221,0.5,0.3820224719101123,0.5822784810126582,0.6666666666666667,0.1428571428571428,0.5402298850574713,0.5789473684210527,0.1718213058419244,0.1433333333333333,0.7171717171717172,0.3469387755102041,0.4141414141414141,0.8741496598639455,0.0578231292517006,0.3703703703703703,0.1111111111111111,0.675,0.202020202020202,0.1786941580756013,0.2222222222222222,0.9021739130434784,0.5308641975308642,0.3,0.4545454545454545,0.2784313725490196,0.1836734693877551,0.8484848484848485,0.1245791245791245,0.6865079365079365,0.6060606060606061,0.2258064516129032,0.2659574468085106,0.2916666666666667,0.05,0.7319587628865979,0.5433333333333333,0.4208754208754208,0.2916666666666667,0.4242424242424242,0.4081632653061224,0.1590909090909091,0.2658227848101265,0.1944444444444444,0.3265993265993266,0.238095238095238,0.494949494949495,0.1288659793814432,0.261168384879725,0.625,0.561181434599156,0.5125,0.3055555555555556,0.19,0.88,0.1598639455782313,0.4943820224719101,0.8414634146341463,0.3163265306122449,0.0533333333333333,0.9479166666666666,0.5683760683760684,0.3315789473684211,0.7804878048780488,0.8766666666666666,0.398876404494382,0.343859649122807,0.4893617021276595,0.3815261044176706,0.8229166666666666,0.1348314606741573,0.2967032967032967,0.5137254901960784,0.5268817204301075,0.14,0.7142857142857143,0.6935483870967741,0.3969072164948454,0.75,0.3673469387755102,0.8316326530612245,0.3085106382978723,0.2974910394265232,0.3097643097643097,0.962,0.4255319148936169,0.5568181818181818,0.768888888888889,0.3539518900343642,0.5043859649122807,0.7012987012987013,0.875,0.8469387755102041,0.5680000000000001,0.4871794871794871,0.7070707070707071,0.0787878787878788,0.8552188552188552,0.7666666666666666,0.36,0.5255102040816326,0.17,0.3484848484848485,0.3526315789473684,0.6739130434782609,0.0633333333333333,0.7252252252252253,0.9285714285714286,0.1986531986531986,0.1123595505617977,0.4545454545454546,0.7526881720430108,0.6233766233766234,0.4242424242424242,0.2903225806451613,0.393939393939394,0.8787878787878788,0.2916666666666666,0.3857677902621723,0.3472222222222222,0.8686868686868687,0.6233333333333333,0.3824561403508771,0.5353535353535354,0.3191489361702128,0.4712643678160919,0.4642857142857143,0.7333333333333334,0.6075949367088608,0.3125,0.7552083333333334,0.5656565656565657,0.6701030927835051,0.6125,0.5714285714285714,0.4838709677419355,0.5287356321839081,0.34375,0.4980842911877395,0.2307692307692307,0.6785714285714286,0.3,0.5326460481099656,0.5578947368421053,0.1931818181818181,0.3298245614035087,0.3065134099616858,0.9111111111111112,0.01
France,0.6907216494845361,0.7878787878787878,0.3733333333333333,0.8571428571428572,0.82,0.4693877551020408,0.6363636363636365,0.2233333333333333,0.3703703703703703,0.5858585858585859,0.3333333333333333,0.7272727272727273,0.355,0.5420875420875421,0.55,0.7929292929292929,0.61,0.2091836734693877,0.2366666666666666,0.3299663299663299,0.3066666666666666,0.19,0.1616161616161616,0.6299999999999999,0.4444444444444444,0.3707482993197278,0.6533333333333333,0.746,0.7070707070707071,0.265,0.3195876288659794,0.2533333333333333,0.5858585858585859,0.43,0.4375,0.3872053872053871,0.25,0.42,0.385,0.1533333333333333,0.1366666666666666,0.3166666666666666,0.4848484848484848,0.5866666666666667,0.8382838283828382,0.2424242424242424,0.2733333333333333,0.2366666666666666,0.5454545454545454,0.1,0.2299999999999999,0.2282608695652173,0.97,0.494949494949495,0.202020202020202,0.71,0.3620071684587813,0.27,0.91,0.1733333333333333,0.62,0.71,0.3436426116838488,0.1818181818181818,0.445,0.01,0.64,0.4833333333333332,0.2166666666666666,0.2996632996632996,0.6799999999999999,0.5050505050505051,0.12,0.1632653061224489,0.2733333333333333,0.43,0.3434343434343433,0.5,0.2878787878787879,0.4848484848484848,0.6420000000000001,0.3533333333333333,0.53,0.1633333333333333,0.48,0.7831683168316833,0.2794612794612794,0.3571428571428571,0.8181818181818182,0.25,0.2833333333333333,0.94,0.59,0.3030303030303031,0.6245614035087719,0.6094276094276094,0.175,0.3164983164983165,0.7052631578947368,0.4791666666666667,0.8184818481848184,0.19,0.3899999999999999,0.4618055555555555,0.3608247422680412,0.1633333333333333,0.6632996632996633,0.825,0.13,0.6701030927835051,0.27,0.8010204081632653,0.21,0.1717171717171717,0.2766666666666666,0.7666666666666666,0.49,0.4081632653061224,0.6116838487972509,0.7,0.7037037037037037,0.5700000000000001,0.898989898989899,0.2272727272727272,0.6544554455445545,0.3195876288659794,0.88,0.3108910891089108,0.2996632996632996,0.575,0.4499999999999999,0.445,0.18,0.345,0.6666666666666666,0.6875,0.11,0.6501650165016502,0.81,0.1866666666666666,0.16,0.2295918367346938,0.6701030927835051,0.43,0.404040404040404,0.303030303030303,0.5824915824915824,0.83,0.2866666666666667,0.3198653198653198,0.2457912457912458,0.15,0.56,0.4266666666666666,0.5933333333333333,0.5238095238095238,0.173469387755102,0.3571428571428571,0.6212121212121213,0.4591836734693877,0.25,0.5959595959595959,0.546,0.5656565656565656,0.4020618556701031,0.5408163265306122,0.5185185185185185,0.5858585858585859,0.4511784511784511,0.55,0.1717171717171717,0.6262626262626263,0.1581632653061224,0.3905723905723905,0.7609427609427609,0.1818181818181818,0.2087542087542087,0.4826388888888889,0.9393939393939394,0.03
Germany,0.71875,0.7553191489361702,0.303030303030303,0.9242424242424242,0.8041237113402062,0.4270833333333333,0.655,0.1919191919191919,0.3333333333333333,0.2475247524752475,0.2,0.6907216494845361,0.5,0.5157894736842106,0.4845360824742268,0.7872340425531915,0.422680412371134,0.1301369863013698,0.1919191919191919,0.3264604810996563,0.2130584192439862,0.17,0.2,0.6598639455782314,0.21875,0.3824561403508771,0.3986254295532646,0.8285714285714286,0.7731958762886598,0.2395833333333333,0.3261648745519713,0.2727272727272727,0.5402298850574713,0.4772727272727273,0.5190217391304348,0.3404255319148936,0.2525252525252525,0.424731182795699,0.3697916666666667,0.303030303030303,0.1633333333333333,0.4646464646464646,0.5257731958762887,0.3804713804713804,0.8181818181818182,0.2222222222222222,0.2346938775510204,0.3033333333333333,0.4827586206896552,0.1262626262626262,0.3639455782312925,0.1875,0.9595959595959596,0.4842105263157895,0.42,0.7676767676767676,0.3156028368794327,0.375,0.8762886597938144,0.1043771043771044,0.6394557823129252,0.79,0.3194444444444444,0.1770833333333333,0.409090909090909,0.03,0.6326530612244898,0.4066666666666667,0.183673469387755,0.3090277777777778,0.6363636363636364,0.4688644688644688,0.15625,0.1208791208791208,0.336734693877551,0.4183673469387755,0.3993055555555555,0.495,0.2447916666666666,0.3299999999999999,0.6090909090909091,0.3632958801498127,0.46875,0.1292517006802721,0.58,0.881,0.3131313131313131,0.4270833333333333,0.8522727272727273,0.2929292929292929,0.2233676975945017,0.96,0.6394557823129252,0.3956043956043956,0.6464646464646464,0.7074829931972789,0.2142857142857142,0.3333333333333333,0.7708333333333334,0.4239130434782608,0.8047138047138047,0.2083333333333333,0.40893470790378,0.4123711340206186,0.3163265306122449,0.24,0.58,0.8686868686868686,0.2272727272727273,0.6398467432950192,0.2142857142857142,0.8298969072164948,0.2373737373737373,0.2323232323232323,0.4410774410774411,0.9212121212121211,0.4468864468864469,0.4333333333333333,0.5977011494252874,0.5488215488215488,0.6526315789473685,0.5622895622895623,0.8877551020408163,0.914141414141414,0.5910000000000001,0.375,0.8383838383838383,0.2577319587628866,0.3537414965986394,0.640625,0.4192439862542955,0.4848484848484849,0.3503401360544217,0.2783505154639175,0.5163043478260869,0.6631578947368421,0.0833333333333333,0.563573883161512,0.78125,0.1199999999999999,0.1157894736842105,0.3298969072164948,0.7157894736842105,0.4719101123595505,0.6,0.2628865979381443,0.5136054421768708,0.51,0.3097643097643098,0.3543859649122806,0.2474226804123711,0.3333333333333333,0.504950495049505,0.4646464646464647,0.4982817869415807,0.4814814814814814,0.3260869565217391,0.3917525773195877,0.7252525252525253,0.4666666666666667,0.3684210526315789,0.5638297872340425,0.4479591836734693,0.6785714285714285,0.4605263157894737,0.5128205128205128,0.5228070175438596,0.5858585858585859,0.4761904761904761,0.5238095238095237,0.1157894736842105,0.6631578947368421,0.1648936170212766,0.4115646258503401,0.6632302405498282,0.0833333333333333,0.2783505154639175,0.4130434782608695,0.9680851063829788,0.02
India,0.5679012345679012,0.6746987951807228,0.7708333333333334,0.8111111111111111,0.4375,0.2409638554216867,0.6202020202020202,0.6907216494845362,0.3535353535353535,0.2525252525252525,0.2926829268292683,0.3962264150943396,0.2755102040816326,0.3642611683848797,0.1058823529411764,0.1752577319587629,0.1978021978021978,0.3235294117647058,0.1766666666666666,0.1700680272108843,0.8074074074074075,0.7878787878787878,0.2096774193548387,0.4604810996563573,0.2073170731707317,0.1447811447811447,0.3522727272727272,0.774,0.5289855072463768,0.335820895522388,0.8651685393258427,0.279835390946502,0.4383561643835616,0.2916666666666667,0.6728723404255319,0.5576923076923077,0.2857142857142857,0.188235294117647,0.2023809523809523,0.2078853046594982,0.1717171717171717,0.8035087719298246,0.4574468085106383,0.2633333333333333,0.3859649122807017,0.134020618556701,0.2474226804123711,0.0886524822695035,0.6666666666666666,0.3086419753086419,0.1687242798353909,0.1153846153846153,0.6144578313253012,0.5454545454545454,0.5333333333333333,0.8080808080808081,0.1743589743589743,0.1212121212121212,0.6185567010309279,0.3052631578947368,0.4025974025974026,0.5625,0.094017094017094,0.4055555555555555,0.5674157303370786,0.0707070707070707,0.3205128205128205,0.3198653198653198,0.7971014492753623,0.2903225806451612,0.4948979591836735,0.6041666666666667,0.3384615384615385,0.3846153846153846,0.1737089201877934,0.1938775510204081,0.3446969696969696,0.51,0.0958904109589041,0.227891156462585,0.5851485148514852,0.6904761904761905,0.6222222222222222,0.2133333333333333,0.2717391304347826,0.8525252525252525,0.3033707865168539,0.2933333333333333,0.6065573770491803,0.3088235294117647,0.1346801346801346,0.5925925925925926,0.2650602409638554,0.1807228915662651,0.5882352941176471,0.7411347517730495,0.1337209302325581,0.1822222222222222,0.6595744680851063,0.2287581699346405,0.4621212121212121,0.1951219512195122,0.136986301369863,0.3059360730593607,0.3146067415730337,0.1266666666666666,0.5333333333333332,0.7417582417582418,0.2857142857142857,0.5538461538461539,0.5157894736842106,0.5384615384615384,0.2708333333333333,0.1752136752136752,0.1919191919191919,0.8959999999999999,0.2112676056338028,0.3387096774193548,0.6099290780141844,0.1414141414141414,0.139917695473251,0.4779874213836478,0.8625,0.4761904761904762,0.7561224489795919,0.5190476190476192,0.53,0.3500000000000001,0.7147766323024055,0.611111111111111,0.1699999999999999,0.4897959183673469,0.164983164983165,0.15,0.3414634146341463,0.4487179487179487,0.1111111111111111,0.3825136612021858,0.6292134831460674,0.0385964912280701,0.2716049382716049,0.3176470588235294,0.5802469135802469,0.6666666666666666,0.1875,0.3636363636363636,0.2743055555555555,0.9081632653061223,0.1756756756756756,0.5714285714285714,0.357429718875502,0.6666666666666666,0.4915824915824915,0.4029304029304029,0.3066666666666666,0.3999999999999999,0.2098765432098765,0.3858695652173913,0.788,0.65,0.2696629213483146,0.8541666666666666,0.679591836734694,0.3222222222222222,0.5,0.26775956284153,0.4280701754385965,0.4545454545454545,0.5347222222222222,0.5647058823529412,0.3448275862068966,0.4153846153846154,0.3,0.3127147766323024,0.4082397003745318,0.3048780487804878,0.2851851851851852,0.1917808219178082,0.2891566265060241,0.2580645161290322
Indonesia,0.4897959183673469,0.9333333333333332,0.9124579124579124,0.7929292929292929,0.4880952380952381,0.1414141414141414,0.6690000000000002,0.69,0.5791245791245792,0.5567010309278351,0.2105263157894736,0.8809523809523809,0.3315789473684211,0.4202898550724637,0.1071428571428571,0.2065217391304347,0.6631578947368421,0.0779220779220779,0.1952861952861952,0.202020202020202,0.952861952861953,0.88,0.1767676767676767,0.648936170212766,0.3625,0.3061224489795918,0.3055555555555555,0.7505050505050506,0.1976744186046511,0.4310344827586206,0.4761904761904761,0.2925170068027211,0.3291139240506329,0.2439024390243902,0.0927835051546391,0.5972222222222222,0.41,0.70625,0.5,0.1904761904761904,0.36,0.92,0.15,0.2687074829931973,0.6801346801346801,0.2255892255892255,0.5252525252525253,0.2534722222222222,0.6867469879518072,0.1428571428571428,0.247191011235955,0.2071428571428571,0.6823529411764706,0.6666666666666666,0.04,0.8061224489795918,0.3225806451612903,0.0612244897959183,0.5656565656565656,0.2166666666666666,0.5540540540540541,0.3894736842105263,0.1683501683501684,0.2611111111111111,0.2282608695652174,0.3535353535353535,0.6391752577319587,0.3737373737373737,0.98,0.3621399176954732,0.4949494949494949,0.2166666666666666,0.1379310344827586,0.5185185185185185,0.12,0.2727272727272727,0.4756944444444445,0.4898989898989899,0.0934065934065934,0.4276094276094276,0.6393939393939393,0.7992424242424242,0.3373493975903614,0.1541218637992831,0.14,0.8490000000000001,0.4798534798534798,0.6041666666666666,0.4022988505747126,0.425287356321839,0.2244897959183673,0.6951219512195121,0.3744855967078189,0.5119047619047619,0.5359477124183006,0.9566666666666668,0.2880434782608695,0.4020618556701031,0.8877551020408163,0.3152173913043478,0.6629213483146067,0.1764705882352941,0.2989690721649484,0.4113475177304964,0.2222222222222222,0.2533333333333333,0.7710437710437711,0.6329787234042553,0.324468085106383,0.4950980392156863,0.3814432989690721,0.6313131313131313,0.2307692307692307,0.28125,0.2861952861952861,0.8858585858585859,0.4891774891774891,0.3466666666666667,0.6818181818181818,0.1870748299319727,0.5263157894736842,0.5956284153005464,0.84375,0.7142857142857142,0.6595959595959597,0.264367816091954,0.15,0.4,0.9562289562289562,0.7430555555555556,0.2828282828282828,0.2959183673469387,0.1818181818181818,0.1701030927835051,0.3085106382978724,0.3469387755102041,0.303030303030303,0.5980392156862745,0.4130434782608695,0.1043771043771043,0.3414634146341463,0.479381443298969,0.5816326530612245,0.5714285714285714,0.16,0.4022988505747127,0.3973063973063973,0.95,0.3999999999999999,0.4807017543859648,0.35,0.99,0.4693877551020408,0.375886524822695,0.3833333333333333,0.9444444444444444,0.238095238095238,0.3877551020408163,0.7838383838383839,0.7088607594936709,0.375,0.7164948453608248,0.5876288659793815,0.6505376344086021,0.5737704918032787,0.4787234042553191,0.5000000000000001,0.8554216867469879,0.4177215189873417,0.4384057971014492,0.175,0.7674418604651163,0.2771739130434782,0.5673758865248226,0.4555555555555555,0.4305555555555556,0.3295454545454545,0.3129251700680271,0.4430379746835443,0.0909090909090909
Japan,0.6914893617021277,0.6976744186046512,0.1582491582491582,0.7083333333333334,0.8064516129032258,0.3636363636363636,0.6000000000000001,0.2448979591836734,0.5476190476190476,0.6180555555555556,0.2439024390243902,0.8723404255319149,0.4010989010989011,0.4612403100775193,0.5851063829787234,0.7239583333333334,0.3578947368421052,0.2325581395348837,0.4364261168384878,0.2695035460992908,0.4236111111111111,0.33,0.1958762886597938,0.625,0.3734939759036144,0.2619047619047619,0.494949494949495,0.6081632653061225,0.6391752577319588,0.2526315789473684,0.4639175257731959,0.2777777777777778,0.3253012048192771,0.3,0.613970588235294,0.3666666666666666,0.2127659574468085,0.4457831325301205,0.1581632653061224,0.1305841924398625,0.3118279569892472,0.4208754208754208,0.34375,0.5910652920962199,0.6026936026936027,0.1833333333333333,0.2962962962962963,0.2566666666666666,0.5802469135802469,0.06,0.2916666666666666,0.3277777777777778,0.7567567567567568,0.4625,0.17,0.6288659793814433,0.237037037037037,0.3260869565217391,0.7157894736842105,0.120274914089347,0.6117216117216118,0.5360824742268041,0.3333333333333333,0.2048192771084337,0.6479591836734694,0.0918367346938775,0.5978260869565217,0.6323024054982818,0.3229166666666666,0.2847222222222222,0.7222222222222222,0.7279693486590039,0.1290322580645161,0.4285714285714285,0.1279461279461279,0.5120274914089347,0.3264604810996563,0.485,0.2894736842105263,0.4201388888888889,0.6222222222222222,0.5,0.4534883720930232,0.1326530612244897,0.54,0.837,0.2898550724637681,0.4444444444444444,0.7301587301587301,0.3043478260869565,0.2439862542955326,0.9591836734693876,0.5823754789272031,0.2857142857142857,0.7117117117117118,0.7743055555555556,0.2578947368421053,0.2291666666666666,0.8571428571428571,0.2988505747126436,0.6631205673758865,0.313953488372093,0.3333333333333333,0.4404761904761903,0.3894736842105263,0.173469387755102,0.462046204620462,0.9494949494949496,0.3012820512820512,0.6842105263157895,0.3578947368421052,0.8969072164948454,0.2052631578947368,0.2542955326460481,0.4123711340206186,0.7693877551020408,0.2164948453608247,0.4022988505747126,0.5155555555555555,0.2925170068027211,0.4481481481481481,0.4823529411764705,0.8369565217391305,0.8214285714285714,0.5454545454545454,0.1666666666666666,0.79,0.1818181818181818,0.395189003436426,0.8711340206185567,0.2955326460481099,0.4381443298969072,0.2585034013605441,0.3641304347826087,0.6451612903225806,0.6947368421052632,0.1346801346801346,0.5854700854700854,0.7078651685393258,0.16,0.3176470588235294,0.3112244897959184,0.1717171717171717,0.475,0.3541666666666666,0.1326530612244897,0.7104377104377104,0.74,0.2561403508771929,0.4840182648401827,0.2222222222222222,0.4329896907216495,0.5381944444444444,0.2424242424242424,0.7346938775510203,0.35,0.3666666666666666,0.4591836734693877,0.6826530612244898,0.4938271604938271,0.5268817204301075,0.6770833333333334,0.4357142857142857,0.5280898876404494,0.525,0.3493975903614457,0.6150234741784038,0.4761904761904761,0.4263565891472868,0.6666666666666666,0.2077922077922078,0.6888888888888889,0.4308510638297872,0.5037037037037038,0.7993197278911564,0.2151898734177215,0.3888888888888889,0.3115942028985506,0.9078947368421052,0.0
Jordan,0.6363636363636364,0.8736842105263158,0.8956228956228955,0.7525252525252525,0.5858585858585859,0.3571428571428571,0.500990099009901,0.227891156462585,0.5272108843537414,0.3843537414965987,0.8350515463917526,0.9473684210526316,0.4114583333333333,0.4290780141843971,0.3953488372093023,0.520618556701031,0.776595744680851,0.0263157894736842,0.3367003367003368,0.1821305841924398,0.9663299663299664,0.5959595959595959,0.5858585858585859,0.6145833333333333,0.625,0.25,0.4047619047619047,0.694949494949495,0.5454545454545454,0.4,0.5476190476190477,0.44,0.7127659574468085,0.8279569892473119,0.0732323232323232,0.7154471544715446,0.4536082474226804,0.8294117647058824,0.7473684210526316,0.2619047619047618,0.5360824742268041,0.9393939393939394,0.5555555555555556,0.4149659863945579,0.5374149659863945,0.1992753623188405,0.5340909090909092,0.3027210884353741,0.826530612244898,0.3838383838383838,0.2982456140350877,0.65625,0.5978260869565217,0.8787878787878788,0.268041237113402,0.9175257731958762,0.4766666666666667,0.086021505376344,0.5402298850574713,0.3127147766323024,0.5859649122807018,0.5151515151515151,0.3966666666666666,0.3298969072164948,0.3157894736842105,0.34375,0.6804123711340206,0.1374570446735395,0.9696969696969696,0.391156462585034,0.6195652173913043,0.5902777777777777,0.2,0.8210526315789474,0.4377104377104377,0.2414965986394557,0.4999999999999999,0.4797979797979798,0.2551020408163266,0.5659722222222222,0.517171717171717,0.9733333333333332,0.3894736842105263,0.1952861952861953,0.17,0.8683673469387756,0.5326460481099655,0.5408163265306123,0.3655913978494624,0.2121212121212121,0.2666666666666666,0.8404255319148937,0.6215277777777777,0.4944444444444444,0.5641025641025641,0.9562289562289564,0.3917525773195876,0.3877551020408163,0.696969696969697,0.6222222222222222,0.8368055555555556,0.5119047619047619,0.4226804123711339,0.5719298245614035,0.5918367346938775,0.31,0.5972222222222221,0.6391752577319587,0.4095744680851064,0.5232067510548523,0.2291666666666666,0.665,0.3548387096774194,0.4766666666666667,0.4421768707482993,0.8448979591836736,0.5694444444444444,0.4042553191489361,0.7119341563786008,0.3642611683848796,0.5066666666666666,0.6907216494845361,0.88,0.6071428571428572,0.8500000000000001,0.7403508771929825,0.96,0.5020000000000001,0.70446735395189,0.6157894736842106,0.2323232323232323,0.2783505154639175,0.303030303030303,0.4635416666666666,0.4595959595959596,0.3939393939393939,0.4387755102040817,0.7185185185185186,0.8172043010752689,0.36,0.8117647058823529,0.5606060606060606,0.4639175257731959,0.7872340425531915,0.2929292929292929,0.7470588235294118,0.5521885521885521,0.6262626262626263,0.4245614035087719,0.4915824915824915,0.4866666666666666,0.9591836734693876,0.5051546391752577,0.6397306397306397,0.4845360824742267,0.9894736842105264,0.2222222222222222,0.41,0.8818181818181818,0.7938144329896907,0.912087912087912,0.6262626262626262,0.675,0.46875,0.5714285714285714,0.6319444444444444,0.4925925925925925,0.90625,0.6801346801346801,0.5104166666666667,0.2065217391304347,0.8571428571428571,0.5923913043478262,0.445578231292517,0.6666666666666667,0.84375,0.2886597938144329,0.4612794612794613,0.6630434782608695,0.08
Lebanon,0.6631578947368421,0.7346938775510204,0.5986394557823129,0.8787878787878788,0.7857142857142857,0.1855670103092783,0.4707070707070707,0.2755102040816326,0.4776632302405498,0.2356902356902357,0.5578947368421052,0.7553191489361702,0.2055555555555555,0.3749999999999999,0.3373493975903614,0.5053763440860215,0.5263157894736842,0.0561224489795918,0.1515151515151515,0.1266666666666666,0.8537414965986395,0.48,0.1868686868686868,0.5719298245614035,0.5232558139534884,0.19,0.3369565217391304,0.9050505050505052,0.5,0.4336734693877551,0.5930735930735931,0.3097643097643098,0.4148936170212766,0.5833333333333334,0.175,0.7078189300411522,0.303030303030303,0.8010752688172043,0.65625,0.0366666666666666,0.1802721088435374,0.8487972508591065,0.1326530612244898,0.3838383838383838,0.9273927392739274,0.1166666666666666,0.7037037037037037,0.2566666666666666,0.8762886597938144,0.202020202020202,0.3299663299663299,0.1630434782608695,0.78125,0.7553191489361702,0.11,0.673469387755102,0.3524904214559387,0.3294117647058823,0.92,0.3741496598639455,0.5590277777777779,0.4574468085106383,0.1258503401360544,0.3556701030927834,0.4081632653061224,0.0606060606060606,0.44,0.3401360544217687,0.8831615120274914,0.4931972789115646,0.6377551020408163,0.4233333333333333,0.086021505376344,0.5050505050505051,0.17,0.3973063973063973,0.4105263157894737,0.5050505050505051,0.0765306122448979,0.3707482993197279,0.5826530612244899,0.9764309764309764,0.2967032967032967,0.0833333333333333,0.31,0.902,0.4295532646048109,0.6881720430107527,0.7553191489361702,0.2083333333333333,0.1749174917491749,0.6082474226804123,0.5641025641025641,0.3877551020408163,0.6057347670250897,0.9693877551020408,0.1767676767676767,0.3469387755102041,0.5670103092783505,0.4657534246575342,0.673469387755102,0.3370786516853932,0.1855670103092783,0.4938271604938271,0.3020833333333333,0.2145214521452145,0.6013745704467355,0.6443298969072165,0.2333333333333333,0.6046511627906976,0.2142857142857142,0.8737373737373738,0.173469387755102,0.2087542087542087,0.1313131313131313,0.944,0.5612244897959183,0.2978723404255319,0.7791666666666667,0.3265306122448979,0.3082437275985663,0.5252525252525253,0.8865979381443299,0.904040404040404,0.7770000000000001,0.6596491228070175,0.87,0.239,0.7422680412371133,0.6236559139784946,0.3036303630363036,0.3789473684210527,0.25,0.7659574468085106,0.1195652173913043,0.5625,0.1221122112211221,0.5868055555555556,0.8762886597938144,0.1481481481481481,0.7325581395348837,0.4948453608247423,0.648936170212766,0.8041237113402062,0.2525252525252525,0.5947368421052632,0.6801346801346801,0.5353535353535354,0.4931972789115646,0.1836734693877551,0.2828282828282829,0.696969696969697,0.6333333333333333,0.6666666666666666,0.5833333333333333,1.0,0.1958762886597938,0.5151515151515151,0.8696969696969696,0.5789473684210527,0.6666666666666666,0.7091836734693877,0.418,0.207070707070707,0.6,0.5694444444444444,0.3851851851851852,0.7634408602150538,0.4888888888888889,0.5144927536231884,0.0618556701030927,0.7701149425287356,0.5159574468085106,0.2142857142857142,0.5773195876288659,0.5894736842105263,0.3226950354609929,0.3298611111111111,0.648936170212766,0.03
Mexico,0.5806451612903226,0.8111111111111111,0.5567010309278351,0.7448979591836735,0.6847826086956522,0.3617021276595745,0.7690000000000001,0.4432989690721649,0.391156462585034,0.3400000000000001,0.4133333333333333,0.851063829787234,0.2989690721649485,0.4295532646048109,0.2209302325581395,0.4944444444444444,0.6521739130434783,0.403225806451613,0.2886597938144329,0.2130584192439862,0.5017543859649123,0.61,0.2755102040816326,0.5157894736842105,0.3571428571428571,0.3333333333333333,0.5791245791245792,0.7391752577319588,0.5473684210526315,0.3953488372093023,0.3661971830985915,0.3010752688172043,0.4418604651162791,0.4482758620689655,0.717391304347826,0.6815920398009949,0.1818181818181818,0.5301204819277108,0.4456521739130435,0.1612903225806451,0.2619047619047619,0.642361111111111,0.4166666666666667,0.4526315789473684,0.8197278911564625,0.1258503401360544,0.5544217687074829,0.2066666666666666,0.6923076923076923,0.2959183673469387,0.2755102040816326,0.1910112359550561,0.7692307692307693,0.7037037037037037,0.1717171717171717,0.3636363636363636,0.2862318840579709,0.351063829787234,0.7835051546391752,0.2199312714776632,0.5938697318007662,0.5567010309278351,0.1938775510204081,0.3241758241758241,0.4076086956521739,0.0303030303030303,0.5257731958762887,0.5238095238095237,0.5680272108843537,0.4057971014492753,0.5663265306122449,0.4652014652014652,0.2727272727272727,0.390625,0.2361111111111111,0.3402061855670103,0.3548387096774192,0.5,0.1354166666666666,0.4130434782608696,0.7141414141414141,0.6529680365296804,0.4864864864864865,0.4444444444444445,0.11,0.9313131313131312,0.2939068100358423,0.3191489361702128,0.7424242424242424,0.3118279569892473,0.1366666666666666,0.9052631578947368,0.54337899543379,0.3723404255319149,0.8177777777777777,0.8129251700680272,0.4567901234567901,0.2355072463768115,0.7916666666666666,0.4126984126984127,0.7885304659498208,0.3380281690140845,0.2673611111111111,0.5098039215686274,0.431578947368421,0.1802721088435374,0.7037037037037037,0.7894736842105263,0.34375,0.7064676616915423,0.2395833333333333,0.7268041237113402,0.3068181818181819,0.2329749103942652,0.2929292929292929,0.9424242424242424,0.550561797752809,0.7215189873417721,0.7676767676767677,0.3333333333333333,0.2988505747126437,0.7413793103448276,0.8387096774193549,0.6581632653061225,0.5806122448979592,0.5434782608695652,0.89,0.3947916666666666,0.7306397306397306,0.6318681318681318,0.2414965986394557,0.4845360824742268,0.1768707482993197,0.211340206185567,0.4838709677419355,0.6043956043956044,0.1564625850340135,0.717948717948718,0.8478260869565217,0.1986531986531986,0.4117647058823529,0.4336734693877551,0.7311827956989247,0.7230769230769231,0.326530612244898,0.4107142857142857,0.6006944444444444,0.7244897959183674,0.4086021505376344,0.5267489711934157,0.3225806451612903,0.5833333333333334,0.5138888888888888,0.5111111111111111,0.4863945578231292,0.5217391304347825,0.5833333333333334,0.4432989690721649,0.677319587628866,0.717948717948718,0.6043956043956044,0.7908163265306122,0.5333333333333333,0.6145833333333334,0.6712328767123288,0.3205128205128205,0.4838709677419354,0.6794871794871795,0.5114155251141552,0.5462962962962963,0.3571428571428571,0.7027027027027027,0.4,0.3265306122448979,0.5641025641025641,0.3733333333333333,0.343859649122807,0.2508960573476702,0.7638888888888888,0.0510204081632653
Nigeria,0.631578947368421,0.4888888888888889,0.7993197278911565,0.8214285714285714,0.2278481012658227,0.3684210526315789,0.6121212121212122,0.7517006802721089,0.4149659863945578,0.3066666666666666,0.0909090909090909,0.4814814814814814,0.1377551020408163,0.2743055555555555,0.0481927710843373,0.296875,0.6404494382022472,0.2228260869565217,0.1566666666666666,0.1548821548821549,0.91156462585034,0.71,0.3775510204081632,0.59375,0.2555555555555555,0.375886524822695,0.2256944444444444,0.8838383838383839,0.2052631578947368,0.6381578947368421,0.2698412698412698,0.119047619047619,0.253012048192771,0.1264367816091954,0.3388888888888889,0.4977777777777777,0.1111111111111111,0.7039473684210527,0.7873563218390804,0.1305841924398625,0.2178217821782178,0.8715277777777778,0.1414141414141414,0.2108843537414966,0.6333333333333333,0.2637362637362637,0.3986254295532646,0.1505376344086021,0.3253012048192771,0.5103092783505154,0.2580645161290322,0.0611111111111111,0.4893617021276595,0.3176470588235294,0.0707070707070707,0.4742268041237113,0.2631578947368421,0.4301075268817204,0.6161616161616161,0.6909722222222222,0.3614457831325301,0.59375,0.1477663230240549,0.5898876404494382,0.1011904761904761,0.5454545454545454,0.3711340206185567,0.5387205387205387,0.861952861952862,0.4708333333333333,0.1326530612244897,0.2405498281786941,0.1648351648351648,0.2954545454545454,0.1885521885521885,0.2895622895622896,0.2895622895622896,0.42,0.0531914893617021,0.4105263157894737,0.5581632653061225,0.4683544303797468,0.1052631578947368,0.3484848484848485,0.2857142857142857,0.8880000000000001,0.3623188405797102,0.6842105263157895,0.1911764705882352,0.2873563218390804,0.2033333333333333,0.6444444444444445,0.3536585365853659,0.2298850574712643,0.5735294117647058,0.8383838383838383,0.2666666666666667,0.1512027491408935,0.5257731958762887,0.1578947368421052,0.4609929078014184,0.1098901098901098,0.1786941580756013,0.2847222222222222,0.5520833333333334,0.265993265993266,0.5017543859649123,0.3670212765957447,0.1546391752577319,0.4083333333333332,0.1958762886597938,0.6666666666666666,0.3011363636363636,0.101010101010101,0.2299999999999999,0.929,0.4588235294117647,0.3376623376623376,0.6296296296296295,0.3537414965986395,0.2592592592592593,0.462686567164179,0.8775510204081632,0.5454545454545454,0.8444444444444446,0.3085106382978723,0.6464646464646465,0.3191919191919192,0.8888888888888888,0.618421052631579,0.2789115646258503,0.2878787878787878,0.1266666666666666,0.2222222222222222,0.3111111111111111,0.6276595744680851,0.2133333333333333,0.4509803921568627,0.6382978723404256,0.1292517006802721,0.1758241758241758,0.4278350515463918,0.6842105263157895,0.3373493975903614,0.09375,0.6666666666666666,0.5102040816326531,0.6224489795918368,0.4061302681992337,0.2616487455197133,0.1428571428571428,0.9191919191919192,0.6292517006802723,0.2906976744186046,0.4652777777777778,0.6027397260273973,0.1566265060240964,0.3724489795918367,0.887,0.3571428571428571,0.2717391304347826,0.8434343434343434,0.7285714285714286,0.3229166666666667,0.3513513513513513,0.4184397163120567,0.4456521739130435,0.4761904761904761,0.3842592592592592,0.3412698412698413,0.2209302325581395,0.4731182795698925,0.203125,0.4266666666666666,0.2681992337164751,0.4264705882352941,0.1683848797250859,0.2371134020618556,0.3620689655172414,0.351063829787234
Pakistan,0.559322033898305,0.9620253164556962,0.9696969696969696,0.7409638554216866,0.4098360655737705,0.4444444444444444,0.6316831683168317,0.8266666666666667,0.2186379928315412,0.1789473684210526,0.7288135593220338,0.9565217391304348,0.3356164383561644,0.446153846153846,0.0689655172413793,0.5411764705882353,0.696969696969697,0.3333333333333333,0.1702127659574468,0.1302681992337165,0.9662921348314608,0.9090909090909092,0.4277108433734939,0.5666666666666667,0.6792452830188679,0.1614035087719298,0.8229166666666666,0.908,0.5673076923076923,0.7583333333333333,0.8032128514056225,0.3670886075949367,0.559322033898305,0.59375,0.0390625,0.8468468468468469,0.2210526315789473,0.4202898550724637,0.9144736842105264,0.1041666666666666,0.2608695652173913,0.979591836734694,0.3908045977011494,0.3293650793650793,0.4518518518518518,0.3955555555555555,0.3782771535580524,0.3333333333333333,0.92,0.44375,0.5035460992907801,0.5204081632653061,0.8507462686567164,0.9166666666666666,0.6161616161616161,0.5876288659793815,0.235632183908046,0.5294117647058824,0.1855670103092783,0.7898550724637682,0.5066666666666667,0.3783783783783784,0.1375,0.2658227848101266,0.0235294117647058,0.2164948453608247,0.0697674418604651,0.4175438596491228,0.986111111111111,0.5185185185185185,0.0918367346938775,0.3452380952380952,0.1126760563380281,0.7833333333333333,0.1515151515151515,0.210727969348659,0.4725738396624472,0.4897959183673469,0.1985294117647059,0.4200913242009132,0.6652631578947369,0.9493670886075948,0.1142857142857142,0.3555555555555555,0.48,0.9252525252525252,0.8142857142857143,0.5373134328358209,0.0972222222222222,0.5555555555555556,0.0631578947368421,0.180327868852459,0.4153005464480874,0.448051948051948,0.7833333333333334,0.9789473684210528,0.3283582089552239,0.2058823529411764,0.7380952380952381,0.3253968253968253,0.8970588235294117,0.5272727272727272,0.2253521126760563,0.3850574712643677,0.5,0.1087719298245614,0.7279693486590038,0.4236111111111111,0.3478260869565217,0.3076923076923077,0.6162790697674418,0.6294117647058823,0.5,0.1511111111111111,0.1347517730496453,0.9275510204081632,0.3655913978494624,0.7073170731707317,0.8648648648648649,0.1423220973782771,0.1173708920187793,0.824074074074074,0.5189873417721519,0.5466666666666666,0.7750000000000001,0.5858585858585857,0.57,0.2082474226804123,0.946808510638298,0.5486111111111112,0.082437275985663,0.2142857142857143,0.1408934707903779,0.2048192771084337,0.2535211267605634,0.3972602739726027,0.3571428571428571,0.8758169934640523,0.8115942028985508,0.1161048689138576,0.7068965517241379,0.5984848484848484,0.5333333333333333,0.8983050847457628,0.5879120879120879,0.5625,0.7386363636363636,0.8282828282828283,0.4285714285714285,0.7804878048780487,0.6831275720164609,0.98989898989899,0.4419475655430711,0.502283105022831,0.4322344322344322,0.9743589743589745,0.673469387755102,0.5,0.906060606060606,0.912280701754386,0.7922077922077922,0.4523809523809524,0.6977528089887641,0.3888888888888888,0.6379310344827587,0.4893617021276595,0.5593220338983051,0.8961038961038961,0.6282051282051282,0.1725490196078431,0.34,0.7808219178082192,0.5294117647058824,0.2337662337662337,0.3571428571428571,0.9183673469387756,0.482051282051282,0.2342342342342342,0.1492537313432835,0.8279569892473119
Russia,0.825,0.8941176470588236,0.5952380952380952,0.9444444444444444,0.7052631578947368,0.3294117647058823,0.61010101010101,0.3814432989690722,0.5638297872340425,0.5481481481481482,0.4193548387096774,0.9176470588235294,0.625,0.5,0.1625,0.3614457831325302,0.6951219512195121,0.2840909090909091,0.1821305841924398,0.1512027491408934,0.8262411347517731,0.5204081632653061,0.5050505050505051,0.6524822695035462,0.6081081081081081,0.3082437275985663,0.648936170212766,0.8474747474747476,0.3987341772151899,0.3522727272727273,0.3777777777777777,0.3402777777777777,0.8064516129032258,0.8974358974358975,0.3792134831460674,0.5733333333333333,0.3010752688172043,0.5119047619047619,0.4677419354838709,0.4367816091954022,0.1890034364261168,0.7508771929824561,0.5977011494252874,0.4229390681003585,0.7157894736842105,0.2604166666666667,0.3440860215053763,0.4183673469387755,0.8636363636363636,0.205,0.2551020408163265,0.1805555555555555,0.8690476190476191,0.8472222222222222,0.22,0.7216494845360825,0.3008130081300812,0.6395348837209303,0.7474747474747475,0.1792114695340502,0.6846846846846847,0.4791666666666667,0.2006802721088436,0.2678571428571428,0.2717391304347826,0.1052631578947368,0.723404255319149,0.2395833333333333,0.456140350877193,0.5070921985815602,0.65625,0.371647509578544,0.1097560975609756,0.2622950819672131,0.2371134020618557,0.2777777777777778,0.4166666666666666,0.49,0.1428571428571428,0.3522727272727272,0.5701030927835051,0.3928571428571428,0.3648648648648648,0.4526315789473684,0.15,0.8806122448979593,0.304029304029304,0.5487804878048781,0.5409836065573771,0.15625,0.1890034364261168,0.9036144578313252,0.5324074074074074,0.5159574468085106,0.5733333333333333,0.8280701754385965,0.2634408602150537,0.2150537634408602,0.5402298850574713,0.4444444444444444,0.7106227106227105,0.4925373134328358,0.3229166666666666,0.5076923076923077,0.2444444444444444,0.1986531986531986,0.7306397306397306,0.7417582417582418,0.6686746987951807,0.4833333333333333,0.4470588235294118,0.5806451612903225,0.3010752688172043,0.2644927536231884,0.375,0.876,0.5894736842105264,0.9012345679012346,0.6258503401360545,0.4710144927536231,0.3925925925925926,0.5,0.7790697674418605,0.7222222222222223,0.6907216494845361,0.4938271604938271,0.9081632653061223,0.4531914893617021,0.6116838487972509,0.6392405063291139,0.3298969072164948,0.3186813186813186,0.2430555555555555,0.1467391304347826,0.4464285714285714,0.6538461538461539,0.1245791245791246,0.394927536231884,0.8809523809523809,0.2245614035087719,0.6231884057971014,0.4166666666666667,0.6867469879518072,0.6833333333333333,0.3383838383838384,0.3579545454545455,0.5591397849462366,0.9393939393939394,0.5212765957446808,0.2234042553191489,0.4645390070921986,0.4086021505376344,0.4895833333333333,0.5543478260869565,0.3723404255319149,0.4827586206896551,0.8271604938271605,0.5217391304347826,0.8181818181818183,0.8695652173913043,0.3536585365853658,0.9432989690721648,0.6419354838709678,0.6631578947368422,0.8611111111111112,0.511737089201878,0.626984126984127,0.7866666666666666,0.375,0.4259259259259259,0.25,0.8354430379746836,0.3977272727272727,0.474074074074074,0.5407407407407407,0.6129032258064516,0.3033707865168539,0.3052631578947368,0.6363636363636364,0.0505050505050505
Turkey,0.6951219512195121,0.9052631578947368,0.7755102040816326,0.8979591836734694,0.7888888888888889,0.4939759036144578,0.594949494949495,0.4612794612794613,0.4219858156028369,0.4193548387096774,0.75,0.9222222222222224,0.3896103896103896,0.5308641975308641,0.38,0.7142857142857142,0.2289156626506024,0.0405405405405405,0.1615120274914089,0.1407407407407407,0.865979381443299,0.58,0.4086021505376345,0.8115942028985507,0.6461538461538462,0.4756944444444444,0.7682926829268293,0.8010204081632654,0.5056179775280899,0.3705882352941176,0.7172995780590717,0.1999999999999999,0.6721311475409836,0.7,0.3026315789473684,0.8923076923076922,0.3092783505154639,0.7027027027027027,0.608433734939759,0.1666666666666666,0.1875,0.8639455782312926,0.4148936170212766,0.6460481099656357,0.6985815602836879,0.0978260869565217,0.4644194756554306,0.3014184397163121,0.918918918918919,0.2947368421052631,0.3294573643410853,0.1395348837209302,0.926829268292683,0.9333333333333332,0.3939393939393939,0.625,0.313953488372093,0.7157894736842105,0.7422680412371134,0.380952380952381,0.8205128205128205,0.532608695652174,0.3007246376811594,0.1954022988505747,0.6219512195121951,0.1428571428571428,0.6043956043956044,0.5243055555555556,0.9326599326599329,0.4136546184738955,0.8520408163265306,0.6140350877192982,0.1666666666666666,0.6,0.1065292096219931,0.2161172161172161,0.3223443223443223,0.5153061224489796,0.1391752577319587,0.2888888888888888,0.5424242424242423,0.9118773946360154,0.7037037037037037,0.3555555555555555,0.1818181818181818,0.8306122448979592,0.4538152610441767,0.6024096385542169,0.8533333333333334,0.3296703296703296,0.1428571428571428,0.8023255813953488,0.7721518987341772,0.3947368421052631,0.8095238095238095,0.962962962962963,0.369047619047619,0.3152173913043478,0.4947368421052631,0.4215686274509804,0.9706959706959708,0.59375,0.4481481481481481,0.5476190476190476,0.4698795180722891,0.1786941580756013,0.7132616487455197,0.9022988505747128,0.3819444444444444,0.8361581920903955,0.717391304347826,0.7578947368421052,0.3433734939759036,0.1773049645390071,0.2962962962962963,0.804,0.4833333333333333,0.6349206349206349,0.9523809523809524,0.2463768115942028,0.3295019157088122,0.94238683127572,0.8387096774193549,0.6666666666666666,0.678,0.6821705426356589,0.898989898989899,0.3989795918367347,0.6734006734006734,0.5632911392405063,0.1648745519713261,0.3177083333333333,0.2421052631578947,0.4464285714285714,0.5180722891566265,0.573170731707317,0.2188552188552188,0.8518518518518519,0.9390243902439024,0.125,0.7323943661971831,0.4473684210526316,0.7590361445783133,0.9444444444444444,0.2806122448979592,0.5902777777777778,0.6170212765957447,0.7171717171717171,0.4096385542168674,0.875968992248062,0.2365591397849462,0.90625,0.5673758865248226,0.5495495495495495,0.487719298245614,0.88,0.3846153846153846,0.4587628865979382,0.7950000000000002,0.9315068493150684,0.7954545454545454,0.8041237113402062,0.4818181818181817,0.5681818181818181,0.7543859649122807,0.7015503875968992,0.5213675213675213,0.925925925925926,0.7686274509803921,0.6575342465753424,0.1774193548387097,0.7538461538461538,0.4058823529411764,0.3333333333333333,0.7131782945736433,0.7530864197530864,0.3412698412698412,0.4777777777777777,0.8831168831168831,0.0206185567010309
United States,0.7684210526315789,0.6021505376344086,0.3469387755102041,0.776595744680851,0.6224489795918368,0.6041666666666666,0.7020202020202021,0.3917525773195876,0.3741496598639455,0.6666666666666667,0.5,0.4408602150537634,0.4105263157894737,0.537037037037037,0.5060240963855421,0.601063829787234,0.6041666666666666,0.3623188405797101,0.3707482993197279,0.2405498281786941,0.5138888888888888,0.19,0.2010309278350515,0.6884057971014493,0.2446808510638297,0.281786941580756,0.6912280701754385,0.8020408163265307,0.6237113402061856,0.25,0.1724137931034482,0.2989690721649484,0.4835164835164835,0.5106382978723404,0.3765060240963855,0.4645390070921985,0.2551020408163265,0.35,0.3368421052631579,0.1580756013745704,0.238095238095238,0.4183673469387755,0.5,0.5612244897959183,0.8061224489795918,0.3469387755102041,0.3745704467353952,0.32996632996633,0.5625,0.1122448979591836,0.2166666666666666,0.2692307692307693,0.6774193548387096,0.5,0.28,0.696969696969697,0.2916666666666666,0.631578947368421,0.7395833333333334,0.2048611111111111,0.5591397849462365,0.5876288659793815,0.3259259259259259,0.4137931034482759,0.4895833333333333,0.0202020202020202,0.3763440860215054,0.6105263157894736,0.4444444444444445,0.1885521885521885,0.7061855670103093,0.4518518518518518,0.2708333333333333,0.1518987341772152,0.2280701754385964,0.2857142857142857,0.4013605442176871,0.5,0.2239583333333333,0.4236111111111111,0.631958762886598,0.1839080459770115,0.4615384615384615,0.1462585034013605,0.37,0.9434343434343434,0.1836734693877551,0.5106382978723404,0.8674698795180723,0.2474226804123711,0.1766666666666666,0.96875,0.5354609929078015,0.211340206185567,0.7442922374429224,0.888888888888889,0.2228260869565217,0.3052631578947368,0.8723404255319149,0.4196078431372549,0.6529209621993127,0.2580645161290322,0.3368055555555556,0.3992248062015505,0.5257731958762887,0.2346938775510204,0.3838383838383838,0.7872340425531914,0.3764044943820225,0.6399999999999999,0.1958762886597938,0.5927835051546392,0.2526881720430107,0.282312925170068,0.3197278911564625,0.906,0.3505154639175257,0.574468085106383,0.4666666666666667,0.5052631578947369,0.5952380952380952,0.502164502164502,0.8229166666666666,0.7938144329896908,0.602,0.2280701754385964,0.86,0.2520408163265306,0.6394557823129252,0.7021276595744681,0.3472222222222222,0.4484536082474227,0.2585034013605442,0.3578947368421052,0.648936170212766,0.6526315789473685,0.0707070707070707,0.611111111111111,0.7340425531914894,0.3633333333333334,0.1808510638297872,0.4114583333333333,0.7731958762886598,0.4137931034482758,0.5309278350515464,0.2234042553191489,0.5714285714285714,0.2,0.2,0.1362007168458781,0.2872340425531914,0.5306122448979592,0.4882154882154882,0.3228070175438596,0.512280701754386,0.208955223880597,0.1578947368421052,0.2835051546391752,0.5282828282828284,0.5232558139534884,0.1827956989247312,0.7395833333333334,0.54,0.3928571428571428,0.4719101123595505,0.5580524344569289,0.5164835164835165,0.5591397849462365,0.4372294372294372,0.3414634146341463,0.5108695652173914,0.4375,0.2701149425287356,0.3129251700680272,0.5824561403508772,0.4175824175824176,0.2040816326530612,0.3152173913043478,0.9325842696629212,0.02
